{
  "0.300": 18.39999999999999,
  "0.301": 18.39999999999999,
  "0.302": 18.29999999999999,
  "0.303": 18.29999999999999,
  "0.304": 18.29999999999999,
  "0.305": 18.19999999999999,
  "0.306": 18.19999999999999,
  "0.307": 18.099999999999987,
  "0.308": 18.099999999999987,
  "0.309": 18.099999999999987,
  "0.310": 17.999999999999986,
  "0.311": 17.999999999999986,
  "0.312": 17.999999999999986,
  "0.313": 17.899999999999984,
  "0.314": 17.899999999999984,
  "0.315": 17.799999999999983,
  "0.316": 17.799999999999983,
  "0.317": 17.799999999999983,
  "0.318": 17.69999999999998,
  "0.319": 17.69999999999998,
  "0.320": 17.59999999999998,
  "0.321": 17.59999999999998,
  "0.322": 17.59999999999998,
  "0.323": 17.49999999999998,
  "0.324": 17.49999999999998,
  "0.325": 17.49999999999998,
  "0.326": 17.399999999999977,
  "0.327": 17.399999999999977,
  "0.328": 17.399999999999977,
  "0.329": 17.299999999999976,
  "0.330": 17.299999999999976,
  "0.331": 17.199999999999974,
  "0.332": 17.199999999999974,
  "0.333": 17.199999999999974,
  "0.334": 17.099999999999973,
  "0.335": 17.099999999999973,
  "0.336": 17.099999999999973,
  "0.337": 16.99999999999997,
  "0.338": 16.99999999999997,
  "0.339": 16.99999999999997,
  "0.340": 16.89999999999997,
  "0.341": 16.89999999999997,
  "0.342": 16.89999999999997,
  "0.343": 16.79999999999997,
  "0.344": 16.79999999999997,
  "0.345": 16.79999999999997,
  "0.346": 16.699999999999967,
  "0.347": 16.699999999999967,
  "0.348": 16.699999999999967,
  "0.349": 16.599999999999966,
  "0.350": 16.599999999999966,
  "0.351": 16.599999999999966,
  "0.352": 16.499999999999964,
  "0.353": 16.499999999999964,
  "0.354": 16.499999999999964,
  "0.355": 16.399999999999963,
  "0.356": 16.399999999999963,
  "0.357": 16.399999999999963,
  "0.358": 16.399999999999963,
  "0.359": 16.29999999999996,
  "0.360": 16.29999999999996,
  "0.361": 16.29999999999996,
  "0.362": 16.19999999999996,
  "0.363": 16.19999999999996,
  "0.364": 16.19999999999996,
  "0.365": 16.09999999999996,
  "0.366": 16.09999999999996,
  "0.367": 16.09999999999996,
  "0.368": 15.99999999999996,
  "0.369": 15.99999999999996,
  "0.370": 15.99999999999996,
  "0.371": 15.99999999999996,
  "0.372": 15.89999999999996,
  "0.373": 15.89999999999996,
  "0.374": 15.89999999999996,
  "0.375": 15.79999999999996,
  "0.376": 15.79999999999996,
  "0.377": 15.79999999999996,
  "0.378": 15.79999999999996,
  "0.379": 15.69999999999996,
  "0.380": 15.69999999999996,
  "0.381": 15.69999999999996,
  "0.382": 15.59999999999996,
  "0.383": 15.59999999999996,
  "0.384": 15.59999999999996,
  "0.385": 15.59999999999996,
  "0.386": 15.499999999999961,
  "0.387": 15.499999999999961,
  "0.388": 15.499999999999961,
  "0.389": 15.399999999999961,
  "0.390": 15.399999999999961,
  "0.391": 15.399999999999961,
  "0.392": 15.399999999999961,
  "0.393": 15.299999999999962,
  "0.394": 15.299999999999962,
  "0.395": 15.299999999999962,
  "0.396": 15.299999999999962,
  "0.397": 15.199999999999962,
  "0.398": 15.199999999999962,
  "0.399": 15.199999999999962,
  "0.400": 15.099999999999962,
  "0.401": 15.099999999999962,
  "0.402": 15.099999999999962,
  "0.403": 15.099999999999962,
  "0.404": 14.999999999999963,
  "0.405": 14.999999999999963,
  "0.406": 14.999999999999963,
  "0.407": 14.999999999999963,
  "0.408": 14.899999999999963,
  "0.409": 14.899999999999963,
  "0.410": 14.899999999999963,
  "0.411": 14.899999999999963,
  "0.412": 14.799999999999963,
  "0.413": 14.799999999999963,
  "0.414": 14.799999999999963,
  "0.415": 14.799999999999963,
  "0.416": 14.699999999999964,
  "0.417": 14.699999999999964,
  "0.418": 14.699999999999964,
  "0.419": 14.699999999999964,
  "0.420": 14.599999999999964,
  "0.421": 14.599999999999964,
  "0.422": 14.599999999999964,
  "0.423": 14.599999999999964,
  "0.424": 14.499999999999964,
  "0.425": 14.499999999999964,
  "0.426": 14.499999999999964,
  "0.427": 14.499999999999964,
  "0.428": 14.399999999999965,
  "0.429": 14.399999999999965,
  "0.430": 14.399999999999965,
  "0.431": 14.399999999999965,
  "0.432": 14.399999999999965,
  "0.433": 14.299999999999965,
  "0.434": 14.299999999999965,
  "0.435": 14.299999999999965,
  "0.436": 14.299999999999965,
  "0.437": 14.199999999999966,
  "0.438": 14.199999999999966,
  "0.439": 14.199999999999966,
  "0.440": 14.199999999999966,
  "0.441": 14.099999999999966,
  "0.442": 14.099999999999966,
  "0.443": 14.099999999999966,
  "0.444": 14.099999999999966,
  "0.445": 14.099999999999966,
  "0.446": 13.999999999999966,
  "0.447": 13.999999999999966,
  "0.448": 13.999999999999966,
  "0.449": 13.999999999999966,
  "0.450": 13.899999999999967,
  "0.451": 13.899999999999967,
  "0.452": 13.899999999999967,
  "0.453": 13.899999999999967,
  "0.454": 13.899999999999967,
  "0.455": 13.799999999999967,
  "0.456": 13.799999999999967,
  "0.457": 13.799999999999967,
  "0.458": 13.799999999999967,
  "0.459": 13.799999999999967,
  "0.460": 13.699999999999967,
  "0.461": 13.699999999999967,
  "0.462": 13.699999999999967,
  "0.463": 13.699999999999967,
  "0.464": 13.599999999999968,
  "0.465": 13.599999999999968,
  "0.466": 13.599999999999968,
  "0.467": 13.599999999999968,
  "0.468": 13.599999999999968,
  "0.469": 13.499999999999968,
  "0.470": 13.499999999999968,
  "0.471": 13.499999999999968,
  "0.472": 13.499999999999968,
  "0.473": 13.499999999999968,
  "0.474": 13.399999999999968,
  "0.475": 13.399999999999968,
  "0.476": 13.399999999999968,
  "0.477": 13.399999999999968,
  "0.478": 13.399999999999968,
  "0.479": 13.299999999999969,
  "0.480": 13.299999999999969,
  "0.481": 13.299999999999969,
  "0.482": 13.299999999999969,
  "0.483": 13.299999999999969,
  "0.484": 13.199999999999969,
  "0.485": 13.199999999999969,
  "0.486": 13.199999999999969,
  "0.487": 13.199999999999969,
  "0.488": 13.199999999999969,
  "0.489": 13.09999999999997,
  "0.490": 13.09999999999997,
  "0.491": 13.09999999999997,
  "0.492": 13.09999999999997,
  "0.493": 13.09999999999997,
  "0.494": 13.09999999999997,
  "0.495": 12.99999999999997,
  "0.496": 12.99999999999997,
  "0.497": 12.99999999999997,
  "0.498": 12.99999999999997,
  "0.499": 12.99999999999997,
  "0.500": 12.89999999999997,
  "0.501": 12.89999999999997,
  "0.502": 12.89999999999997,
  "0.503": 12.89999999999997,
  "0.504": 12.89999999999997,
  "0.505": 12.79999999999997,
  "0.506": 12.79999999999997,
  "0.507": 12.79999999999997,
  "0.508": 12.79999999999997,
  "0.509": 12.79999999999997,
  "0.510": 12.79999999999997,
  "0.511": 12.69999999999997,
  "0.512": 12.69999999999997,
  "0.513": 12.69999999999997,
  "0.514": 12.69999999999997,
  "0.515": 12.69999999999997,
  "0.516": 12.599999999999971,
  "0.517": 12.599999999999971,
  "0.518": 12.599999999999971,
  "0.519": 12.599999999999971,
  "0.520": 12.599999999999971,
  "0.521": 12.599999999999971,
  "0.522": 12.499999999999972,
  "0.523": 12.499999999999972,
  "0.524": 12.499999999999972,
  "0.525": 12.499999999999972,
  "0.526": 12.499999999999972,
  "0.527": 12.499999999999972,
  "0.528": 12.399999999999972,
  "0.529": 12.399999999999972,
  "0.530": 12.399999999999972,
  "0.531": 12.399999999999972,
  "0.532": 12.399999999999972,
  "0.533": 12.399999999999972,
  "0.534": 12.299999999999972,
  "0.535": 12.299999999999972,
  "0.536": 12.299999999999972,
  "0.537": 12.299999999999972,
  "0.538": 12.299999999999972,
  "0.539": 12.299999999999972,
  "0.540": 12.199999999999973,
  "0.541": 12.199999999999973,
  "0.542": 12.199999999999973,
  "0.543": 12.199999999999973,
  "0.544": 12.199999999999973,
  "0.545": 12.199999999999973,
  "0.546": 12.099999999999973,
  "0.547": 12.099999999999973,
  "0.548": 12.099999999999973,
  "0.549": 12.099999999999973,
  "0.550": 12.099999999999973,
  "0.551": 12.099999999999973,
  "0.552": 11.999999999999973,
  "0.553": 11.999999999999973,
  "0.554": 11.999999999999973,
  "0.555": 11.999999999999973,
  "0.556": 11.999999999999973,
  "0.557": 11.999999999999973,
  "0.558": 11.999999999999973,
  "0.559": 11.899999999999974,